permutation_type,permutations,seed,RMSE,Rsquared,MAE,Resample
none,1,43,4.611408907399558,0.885387889031081,3.5130429953839863,Bootstrap01
none,1,43,1.7128415148574694,0.8755561115684766,1.3248912634587835,Bootstrap02
none,1,43,4.038493142868394,0.8185206438247838,3.1983858878845806,Bootstrap03
none,1,43,4.033439852353443,0.8752182437791495,3.537492734540572,Bootstrap04
none,1,43,1.9837844639923492,0.7489266405940505,1.5636983574771184,Bootstrap05
none,1,43,3.9747244284125824,0.8025195175164129,3.2192647554992813,Bootstrap06
none,1,43,2.5021208656764844,0.8305808299051723,1.4979608328412994,Bootstrap07
none,1,43,3.439427275701302,0.8990746249076136,2.249245070307524,Bootstrap08
none,1,43,2.0384482806192388,0.8910061704337611,1.7124863582816239,Bootstrap09
none,1,43,2.4533818063585624,0.9824697042348433,1.8906535955936508,Bootstrap10
none,2,44,1.875160461967487,0.8380627588547084,1.7561664097943925,Bootstrap01
none,2,44,3.742610759006756,0.6390578556767751,2.5212622518929204,Bootstrap02
none,2,44,2.819489275004151,0.9502419527447258,1.9993099403028045,Bootstrap03
none,2,44,3.466313513011755,0.8150497034935272,2.831103173186389,Bootstrap04
none,2,44,3.9336708144232175,0.9283351514284746,3.1718028371554454,Bootstrap05
none,2,44,3.371809319551245,0.9711449896667333,3.148060192883836,Bootstrap06
none,2,44,3.6290185056949484,0.805908017396543,3.0397339625344597,Bootstrap07
none,2,44,3.6306116062178386,0.8687700396956742,3.2262194591226487,Bootstrap08
none,2,44,4.711857330520742,0.8572385604434481,3.8490208315306824,Bootstrap09
none,2,44,3.4116052278899938,0.7473519851719559,2.6113068868521445,Bootstrap10
none,3,45,3.3780901971982287,0.9107372274249035,2.586398032483109,Bootstrap01
none,3,45,2.533738310127021,0.8505894131202761,2.192258783898953,Bootstrap02
none,3,45,2.1865010057853196,0.9468150081248019,1.9624805904196978,Bootstrap03
none,3,45,2.4095004656488106,0.8712779311848764,2.0822160232228604,Bootstrap04
none,3,45,3.9333217826640117,0.9373999424092139,2.9699603796319902,Bootstrap05
none,3,45,3.809060266411501,0.7699910861087742,2.944769434554748,Bootstrap06
none,3,45,2.4540703975777336,0.9554421867698394,1.9627402652171213,Bootstrap07
none,3,45,3.3853089759044432,0.8047571203518633,2.5128809361197364,Bootstrap08
none,3,45,3.4360894306433405,0.8056760814268208,2.3757464354119584,Bootstrap09
none,3,45,2.5486048880231564,0.8234171719910977,1.9955661480863347,Bootstrap10
none,4,46,0.9616782209830783,0.9654055151209465,0.738124948291329,Bootstrap01
none,4,46,2.8358210258097145,0.8625540563686658,1.9680461257531177,Bootstrap02
none,4,46,2.742688478910814,0.8555191846308159,2.064254659497658,Bootstrap03
none,4,46,2.536920675234578,0.7554623216360593,1.8797082776269767,Bootstrap04
none,4,46,2.34610403920482,0.8974485491962594,1.7044773366388593,Bootstrap05
none,4,46,2.942840561655123,0.9041497216239118,1.6766310998219938,Bootstrap06
none,4,46,3.515428211740457,0.7824769776164743,2.7900461674050114,Bootstrap07
none,4,46,2.6348906030663937,0.9393465340055981,1.9931883961211845,Bootstrap08
none,4,46,3.2933071372298737,0.8341828856091105,2.5555279048427084,Bootstrap09
none,4,46,1.814022614647129,0.9558448749172048,1.503104204065413,Bootstrap10
none,5,47,3.3457770222459855,0.7573745281426596,2.7389388628500884,Bootstrap01
none,5,47,2.5925340995154977,0.8401444680007712,1.919351013156817,Bootstrap02
none,5,47,2.884590846887487,0.8862122584749205,2.439932966466541,Bootstrap03
none,5,47,2.464648567835211,0.9061429195377512,1.6854823129734688,Bootstrap04
none,5,47,3.065700933013999,0.7156473251773299,2.6801392029946114,Bootstrap05
none,5,47,2.8654407199173897,0.8620027641010154,2.1870083969408887,Bootstrap06
none,5,47,3.44592414471073,0.9062000899636536,2.7104833254528566,Bootstrap07
none,5,47,3.1588447534755235,0.8556961180077168,2.2409523791052446,Bootstrap08
none,5,47,3.4958456169106404,0.8127709959234027,3.1371821991404065,Bootstrap09
none,5,47,3.239504766771259,0.8581726406618839,2.4361449819383987,Bootstrap10
none,6,48,3.264630561196569,0.888946691499626,2.6058176789381506,Bootstrap01
none,6,48,2.407098739428732,0.8112647602577092,2.203327695614753,Bootstrap02
none,6,48,3.542177159959644,0.7660659770809323,2.9720085578987545,Bootstrap03
none,6,48,2.4099214341588975,0.8391630143084141,1.6767222887135578,Bootstrap04
none,6,48,3.8275267699960995,0.9546511315362803,3.1574646845538745,Bootstrap05
none,6,48,3.628138678962519,0.9285497696179993,3.078127918309097,Bootstrap06
none,6,48,3.357263315785819,0.8141374139825359,2.862166260123388,Bootstrap07
none,6,48,3.6643308460662123,0.8926467536381331,2.804036760430321,Bootstrap08
none,6,48,3.476850598593399,0.7722602282442778,2.549662265228132,Bootstrap09
none,6,48,2.07707939005332,0.9109690146297957,1.6507603133726723,Bootstrap10
none,7,49,2.936609603708473,0.9716236912822042,2.1391241071578935,Bootstrap01
none,7,49,2.0752032305231585,0.9257406161563185,1.6832640498359355,Bootstrap02
none,7,49,2.715911545935514,0.9021400654932278,2.065573523730246,Bootstrap03
none,7,49,3.0209090495460167,0.9173797434377431,2.4261468645409554,Bootstrap04
none,7,49,3.1232212658508565,0.9305196659331086,2.6596306821922835,Bootstrap05
none,7,49,1.2033061945412011,0.9725106446532548,1.1293937231086721,Bootstrap06
none,7,49,3.871063824833258,0.9017419836114255,2.863883241784275,Bootstrap07
none,7,49,4.079683745931436,0.7181557632172665,3.021361894856666,Bootstrap08
none,7,49,2.4110553095658407,0.840419798077096,1.821924576927068,Bootstrap09
none,7,49,2.334070480991272,0.9067424186019001,1.7496892912567803,Bootstrap10
none,8,50,3.3409549823437663,0.8621599581624445,2.2973565469500747,Bootstrap01
none,8,50,3.355261067959233,0.7650561463085431,3.0226875533981947,Bootstrap02
none,8,50,3.383353693460556,0.7281344646539029,2.409341370165638,Bootstrap03
none,8,50,3.1772291171345333,0.8123486279266873,2.665564489878972,Bootstrap04
none,8,50,2.918704540186386,0.7542501572433253,2.1658741774668058,Bootstrap05
none,8,50,2.6407489913699753,0.9595681419327464,2.2464746548463275,Bootstrap06
none,8,50,1.2813517108006867,0.9794956758731238,1.030268029377337,Bootstrap07
none,8,50,2.632836579144367,0.9316036627988603,1.9517471205561063,Bootstrap08
none,8,50,1.9603566376778043,0.9698452382244528,1.6993841478488068,Bootstrap09
none,8,50,2.5993090491576667,0.9138586002069838,2.1857661156458916,Bootstrap10
none,9,51,2.7704456781114857,0.7807069079348424,2.5650820398295937,Bootstrap01
none,9,51,3.6992343487192514,0.7575732500722391,2.94851171540959,Bootstrap02
none,9,51,1.8425037806621942,0.8881114352508735,1.5842475507331037,Bootstrap03
none,9,51,2.345015633614101,0.8826309051921493,1.5384641688949516,Bootstrap04
none,9,51,3.85870586283415,0.8544010121086915,2.9552927566456417,Bootstrap05
none,9,51,3.998425379196256,0.9370391769066473,3.1697476606559474,Bootstrap06
none,9,51,3.3108966060407967,0.817917013985922,2.677845965141312,Bootstrap07
none,9,51,3.6751313183833054,0.7689124513090813,3.0998474097749544,Bootstrap08
none,9,51,3.029511933136392,0.796398848315743,2.37239653956535,Bootstrap09
none,9,51,2.54078390182635,0.8401742792437608,1.9121234411077657,Bootstrap10
none,10,52,1.5583380988731963,0.8708921470774461,1.4006542871815277,Bootstrap01
none,10,52,2.4973275876188836,0.8915786931970123,2.1203110155143596,Bootstrap02
none,10,52,2.1204286049318326,0.7855186599045023,1.7134400155358438,Bootstrap03
none,10,52,3.313633806835337,0.8510210222372783,2.3168166855678134,Bootstrap04
none,10,52,3.459488240290942,0.9276456876055745,2.6968390042239276,Bootstrap05
none,10,52,2.3087412348612304,0.8970371865511753,1.8472615286925644,Bootstrap06
none,10,52,1.289035407649961,0.9559153642415795,1.0537393065405745,Bootstrap07
none,10,52,2.834151317667882,0.8970031848176379,2.053706581636108,Bootstrap08
none,10,52,2.4475765777841505,0.9615189881013453,1.9066950539935288,Bootstrap09
none,10,52,3.355992995603037,0.8633187741341003,2.951827522100425,Bootstrap10
none,11,53,0.8425897229718515,0.9498405237759976,0.7572448371363965,Bootstrap01
none,11,53,3.3056236333748084,0.8952794654558821,2.840985107847212,Bootstrap02
none,11,53,1.5021960116530144,0.9070338128809239,1.042680925034087,Bootstrap03
none,11,53,1.346638732152563,0.9161079475284293,1.2193454066662148,Bootstrap04
none,11,53,3.7422016054354246,0.8579686712981314,2.6374990846951776,Bootstrap05
none,11,53,2.314857736104919,0.9482090078861508,1.7010887617291879,Bootstrap06
none,11,53,3.8718378475771082,0.9287841489120457,3.27202225277826,Bootstrap07
none,11,53,2.8757288559624996,0.91369817244439,2.247726959902452,Bootstrap08
none,11,53,3.3572155958658603,0.7867192496112523,2.185969798200826,Bootstrap09
none,11,53,4.346428793781908,0.8793015830990643,3.7056149545704407,Bootstrap10
none,12,54,3.0360611961573127,0.8654110286645683,2.275103769584071,Bootstrap01
none,12,54,4.442214111298245,0.9407071669071866,3.4632557062430562,Bootstrap02
none,12,54,2.2223573633560534,0.8433830745394294,1.9139360892245483,Bootstrap03
none,12,54,2.6964894735544536,0.9708522768353463,2.147019787499523,Bootstrap04
none,12,54,2.0479777670835686,0.9665571583732586,1.706674222668263,Bootstrap05
none,12,54,1.6585797535827944,0.8847637820640599,1.4016506491287464,Bootstrap06
none,12,54,3.245216522680934,0.7730539320232553,2.4054923078029744,Bootstrap07
none,12,54,3.657771188102432,0.7032857199217667,2.543109569368002,Bootstrap08
none,12,54,2.946556205152972,0.6790846662771736,2.0715842534860154,Bootstrap09
none,12,54,2.511991751939555,0.9425673824134694,2.0560395830099987,Bootstrap10
none,13,55,2.7011876680241182,0.9645258957869997,2.197575192959881,Bootstrap01
none,13,55,1.8588337359335776,0.9589940503792241,1.6009969557764996,Bootstrap02
none,13,55,3.3009325972864865,0.7013852242191695,2.7467287938190377,Bootstrap03
none,13,55,1.7351528315692695,0.9116914822191988,1.5657608346904597,Bootstrap04
none,13,55,1.992779146717853,0.7842349518000199,1.7540311887326694,Bootstrap05
none,13,55,2.668927941566883,0.8450690857745415,2.055488874600736,Bootstrap06
none,13,55,3.7564305662471713,0.9133569824122415,3.276949128658061,Bootstrap07
none,13,55,1.2771513506202956,0.9462625277847745,1.136141919575753,Bootstrap08
none,13,55,2.0264998864115826,0.9195726591025554,1.5028885726031853,Bootstrap09
none,13,55,2.4613631723570264,0.8803780354550279,2.149962916108321,Bootstrap10
none,14,56,2.9330309536311376,0.8901409527187519,1.9115816388040459,Bootstrap01
none,14,56,3.522135270509039,0.8271814024324434,2.8267091466280094,Bootstrap02
none,14,56,2.252314297764542,0.9239499088364208,1.682915969822791,Bootstrap03
none,14,56,2.1188349865691594,0.9408991835650646,1.6977601492796626,Bootstrap04
none,14,56,2.287731241755706,0.9612185233305078,1.7890383508827505,Bootstrap05
none,14,56,2.97266843400868,0.889924934068006,2.388408171631092,Bootstrap06
none,14,56,2.0961791239027585,0.8682165219669687,1.7373930537505078,Bootstrap07
none,14,56,2.190075635395558,0.7671885616373372,1.753443642725514,Bootstrap08
none,14,56,3.20943704876393,0.9462313743614225,2.4572020882675436,Bootstrap09
none,14,56,4.3234820302007835,0.8966955328414578,3.191601000829904,Bootstrap10
none,15,57,3.11410403203644,0.8704438871421833,2.0699462364924477,Bootstrap01
none,15,57,2.5058856695687903,0.8798929814364244,2.003015030593888,Bootstrap02
none,15,57,2.3808155631169887,0.8684850934368259,2.010934886177741,Bootstrap03
none,15,57,3.578481841188316,0.7756912766914222,2.5213970594292303,Bootstrap04
none,15,57,3.0275999857315545,0.8160374648502973,2.4720002390197826,Bootstrap05
none,15,57,3.9856827528214027,0.7969114827814697,3.2039771722185098,Bootstrap06
none,15,57,3.814211446965535,0.8394964442946764,2.807303020695965,Bootstrap07
none,15,57,3.430429996002437,0.8314242656259444,2.6661657445106743,Bootstrap08
none,15,57,3.5705829497095345,0.9431406477634954,2.904112958783336,Bootstrap09
none,15,57,2.822353680964826,0.9486160575219447,2.1826944162333137,Bootstrap10
none,16,58,2.39673251618765,0.9109836769257715,2.026824610743725,Bootstrap01
none,16,58,3.875079420695701,0.760653468550633,3.076975066637405,Bootstrap02
none,16,58,3.500521322721898,0.9480594556732341,3.2125737750190155,Bootstrap03
none,16,58,2.756704548861078,0.7346177333645248,2.080503633077218,Bootstrap04
none,16,58,4.619026665264634,0.9724839903360397,3.561605884570195,Bootstrap05
none,16,58,4.125531406663443,0.855429112522322,3.0513345324345584,Bootstrap06
none,16,58,4.556038424045089,0.8315360319136236,3.7738694491885036,Bootstrap07
none,16,58,1.88878780021252,0.9357747137945484,1.3770739016447429,Bootstrap08
none,16,58,2.6699453241125273,0.9105480221512304,1.8891848644480351,Bootstrap09
none,16,58,2.992570966496824,0.9641777326724261,2.2300460365305446,Bootstrap10
none,17,59,2.0225573708723434,0.9048785315052771,1.8552678875014539,Bootstrap01
none,17,59,2.878889900517029,0.8788830761285273,1.8445782805604976,Bootstrap02
none,17,59,4.970141739563844,0.9839167017358894,4.217248408938428,Bootstrap03
none,17,59,2.927397128349941,0.796393700368222,2.4070272810419473,Bootstrap04
none,17,59,2.5066683754073256,0.8526296811305497,2.111440543335993,Bootstrap05
none,17,59,1.9819076419231327,0.9032327563295258,1.7051149149588634,Bootstrap06
none,17,59,2.020384907042849,0.8537980514900907,1.8437017911482922,Bootstrap07
none,17,59,1.9722746201092622,0.9597357397310163,1.4939315390203873,Bootstrap08
none,17,59,2.2600654670515192,0.9335653614986267,1.8848805948798313,Bootstrap09
none,17,59,2.9976308247044265,0.8745952001051674,2.2592915702498217,Bootstrap10
none,18,60,2.52232736597909,0.832539066441934,2.1758737100169365,Bootstrap01
none,18,60,2.9492799599419963,0.8417990285833479,2.2137137499284596,Bootstrap02
none,18,60,2.810414113917265,0.7922243250417912,1.9513655754030423,Bootstrap03
none,18,60,2.68675880511263,0.7707281526284209,2.4629875976455065,Bootstrap04
none,18,60,3.249974614159994,0.8179487206063739,2.682404997062889,Bootstrap05
none,18,60,4.407623553716598,0.9217666659634878,3.5790348339176017,Bootstrap06
none,18,60,2.082993027181036,0.8847873755393901,1.8483920006981729,Bootstrap07
none,18,60,2.167263177795564,0.7252376809694846,1.8379814879696295,Bootstrap08
none,18,60,1.1541085146718957,0.9197507987666727,0.9454601119180319,Bootstrap09
none,18,60,2.260184351662944,0.8960779932022468,1.7807371275862403,Bootstrap10
none,19,61,1.974385658674894,0.9342160883794832,1.35444772673738,Bootstrap01
none,19,61,3.2615718701772645,0.8824566604647675,2.046036873020852,Bootstrap02
none,19,61,2.4128274163231684,0.890120956152602,1.6379005091107133,Bootstrap03
none,19,61,2.598203102770812,0.9210164638085918,1.903075532304321,Bootstrap04
none,19,61,2.819250191006287,0.8536319079607733,2.0837456988596714,Bootstrap05
none,19,61,1.998934518800277,0.9578636865813511,1.6652849565924133,Bootstrap06
none,19,61,3.4476849163549854,0.905289458476783,2.846908279877546,Bootstrap07
none,19,61,2.026534973808159,0.9139985280013139,1.6863248168557887,Bootstrap08
none,19,61,2.625296351888076,0.8543091987288493,1.7778075469180186,Bootstrap09
none,19,61,3.8501488775847355,0.8694389566979417,2.9577973441386427,Bootstrap10
none,20,62,2.192253012906968,0.8680571374398343,1.629529941019834,Bootstrap01
none,20,62,3.569233038932273,0.8919675641849355,2.7506979244893035,Bootstrap02
none,20,62,2.938985519225652,0.8375777146473152,2.3499947606945137,Bootstrap03
none,20,62,2.1699893234546903,0.7965320803188074,1.5915830525737782,Bootstrap04
none,20,62,3.7179262185889472,0.6599731312648603,3.470920999438317,Bootstrap05
none,20,62,3.8614469001027754,0.8798951051270031,3.377081032477647,Bootstrap06
none,20,62,3.9769569792530888,0.8937353070540415,3.369468584867738,Bootstrap07
none,20,62,2.957321683657272,0.8899591825982135,2.6227314128936863,Bootstrap08
none,20,62,2.3736594128280037,0.9211141195739817,1.940685780464449,Bootstrap09
none,20,62,2.1687700681634623,0.9007674958442458,1.8136114052081638,Bootstrap10
none,21,63,2.1487391468895924,0.9233270699222785,1.7255371564116877,Bootstrap01
none,21,63,2.246090560778847,0.9199966799355874,1.8939902693909965,Bootstrap02
none,21,63,3.7782196087121895,0.8706635138837455,2.853811403796123,Bootstrap03
none,21,63,3.0701527393108377,0.5010775064935811,2.903042141960146,Bootstrap04
none,21,63,3.67599212528749,0.7489508306577441,2.533095979191898,Bootstrap05
none,21,63,2.8735437532741646,0.9434636316388914,2.7725299400824746,Bootstrap06
none,21,63,2.0814170377407297,0.9327119230343275,1.5563521286265547,Bootstrap07
none,21,63,2.1117677526903202,0.9165082141082057,1.7483264728182375,Bootstrap08
none,21,63,3.5219754602128828,0.9040127518846881,2.888493270918972,Bootstrap09
none,21,63,2.796440242292055,0.8934135299293887,2.185893825468209,Bootstrap10
none,22,64,3.778079006954344,0.8423422913324273,2.7206266066721927,Bootstrap01
none,22,64,2.6613915023650416,0.805128930424565,2.3151716525790533,Bootstrap02
none,22,64,3.5294880354723017,0.8286782005897871,2.825218859130933,Bootstrap03
none,22,64,1.1451267099233862,0.9191857686069919,1.0517982488305517,Bootstrap04
none,22,64,1.5562085771315879,0.923087233812249,1.436327942104019,Bootstrap05
none,22,64,2.9976117139653784,0.8928313429530234,2.3276235642704886,Bootstrap06
none,22,64,3.6941707659634964,0.8451927282068034,2.9454273506243527,Bootstrap07
none,22,64,2.9883074918886496,0.8733690537915357,2.521505300990881,Bootstrap08
none,22,64,2.47664909657546,0.8817231539370239,2.196576520396259,Bootstrap09
none,22,64,3.1086518492216584,0.922816501114788,2.3150099892545053,Bootstrap10
none,23,65,2.125710747489403,0.9151283673092756,1.809501745095197,Bootstrap01
none,23,65,2.5300086046217998,0.9213097182105873,1.9922433303688296,Bootstrap02
none,23,65,1.5731197917568374,0.8319451840233314,1.3089362613366535,Bootstrap03
none,23,65,2.018327679233216,0.8977024114989988,1.6114581249820268,Bootstrap04
none,23,65,2.6895975423732943,0.8584269389558123,1.590001928358836,Bootstrap05
none,23,65,4.670563693342786,0.7714718721306179,3.935604007434079,Bootstrap06
none,23,65,3.668910193778628,0.9745258976656579,2.695381313185055,Bootstrap07
none,23,65,5.665083651606895,0.8288157889041378,4.8980426698472606,Bootstrap08
none,23,65,2.33396986722363,0.8774159459258134,2.0334559827521708,Bootstrap09
none,23,65,2.7119488630703446,0.7553810184123547,1.9060089934231843,Bootstrap10
none,24,66,2.837784603962114,0.8482030274888286,1.9632508790491814,Bootstrap01
none,24,66,2.141085557454711,0.8540460789896492,1.591406272156645,Bootstrap02
none,24,66,3.6651769777358822,0.7035034161125417,2.750939250309996,Bootstrap03
none,24,66,3.408047996440202,0.803810645290741,2.5270016133762843,Bootstrap04
none,24,66,3.8987429723076406,0.9115566480747826,2.9348052078495686,Bootstrap05
none,24,66,2.7617333265928456,0.8471613913137819,2.1361629130517317,Bootstrap06
none,24,66,2.140768215051656,0.8971379197655645,1.7543070851140643,Bootstrap07
none,24,66,2.2799152259833853,0.9290589138019449,1.886636343718233,Bootstrap08
none,24,66,2.817378475323718,0.9090226598670271,2.2621479837340783,Bootstrap09
none,24,66,3.1019012452234516,0.8459434694251964,2.571976966670304,Bootstrap10
none,25,67,2.8560590030059285,0.7657298163531908,2.4324895651530163,Bootstrap01
none,25,67,2.8281001539354014,0.9537331359540709,2.2279909023602755,Bootstrap02
none,25,67,2.786504106287065,0.8757729915109306,2.4341395307888787,Bootstrap03
none,25,67,2.439035445589783,0.7513442316447468,2.2073725144592102,Bootstrap04
none,25,67,3.0570540929252568,0.8397306181590319,2.738091462747344,Bootstrap05
none,25,67,2.380424364722909,0.9271634300694241,1.8483332446716199,Bootstrap06
none,25,67,3.219833884983596,0.7373151887968203,2.6147106717072472,Bootstrap07
none,25,67,3.1811151786800584,0.7906985569956176,2.354669820812319,Bootstrap08
none,25,67,2.956758125695019,0.907476610926125,1.9871969683150412,Bootstrap09
none,25,67,2.8078949126900046,0.8258303172529874,2.3395735890329314,Bootstrap10
none,26,68,2.7651748244598484,0.8848500719856661,2.2182081985340627,Bootstrap01
none,26,68,2.6539276193693038,0.8230264451816454,2.048547236624444,Bootstrap02
none,26,68,1.725458653993328,0.9459635886227186,1.631640754786618,Bootstrap03
none,26,68,2.5988180829416887,0.864748959769557,2.2927263848039043,Bootstrap04
none,26,68,3.051169874738635,0.8569269486411956,2.7712803801046912,Bootstrap05
none,26,68,3.9711242047204944,0.5931781065882079,3.395087436135106,Bootstrap06
none,26,68,2.0852607479966445,0.9973112513110867,1.4971385650349884,Bootstrap07
none,26,68,2.89516910448699,0.9460598526026828,2.1439225726305184,Bootstrap08
none,26,68,4.845197587110176,0.861146945879193,3.8821646042989246,Bootstrap09
none,26,68,2.7804289244991276,0.870777666779732,2.0167795737671788,Bootstrap10
none,27,69,2.594379077130917,0.8509283980320737,1.946989174909868,Bootstrap01
none,27,69,3.072046262700837,0.7808481787330016,2.387150105434757,Bootstrap02
none,27,69,3.0230309780305484,0.8109033948146701,2.421552200072153,Bootstrap03
none,27,69,2.8103713594365454,0.7205316531275547,2.0287965608193304,Bootstrap04
none,27,69,1.7280060094951388,0.860922452369339,1.3680992262202398,Bootstrap05
none,27,69,1.460937391591783,0.8395548080557734,1.2738362919249926,Bootstrap06
none,27,69,2.0160533744085836,0.8531592366857101,1.6676088643709095,Bootstrap07
none,27,69,3.0365674883387928,0.8557398366145395,2.4191484903256195,Bootstrap08
none,27,69,2.4140392380445483,0.845529385017082,1.8571164317367697,Bootstrap09
none,27,69,3.9990697211142225,0.8322828437394271,2.9954904542323786,Bootstrap10
none,28,70,2.5383114340612942,0.9964733252627836,2.0293646243177195,Bootstrap01
none,28,70,2.2583270638029007,0.8695738170020162,1.9235529971058014,Bootstrap02
none,28,70,2.2897462403238413,0.9272548508082469,1.8718665079473842,Bootstrap03
none,28,70,2.740648091132314,0.7619281214415489,2.4190235810999283,Bootstrap04
none,28,70,4.842802787715227,0.8376011960466713,4.217877833132642,Bootstrap05
none,28,70,2.5108584113047,0.8359484056557616,2.0534813064758306,Bootstrap06
none,28,70,1.9656101317325014,0.9642606423640563,1.4234658327127465,Bootstrap07
none,28,70,2.195264449171162,0.9400813112104187,1.8583788854496925,Bootstrap08
none,28,70,3.613313134123121,0.7876786106757994,2.7166254692075564,Bootstrap09
none,28,70,3.3318638995574346,0.7431584568605354,2.5703837270418837,Bootstrap10
none,29,71,1.3569852643627518,0.9418847417409837,1.1079757668568357,Bootstrap01
none,29,71,4.691033416586753,0.930865796379191,3.8045079067041048,Bootstrap02
none,29,71,1.804477745223188,0.9351372939274581,1.5525992094015442,Bootstrap03
none,29,71,3.544859026278451,0.9423491364343366,3.2253313093863274,Bootstrap04
none,29,71,3.2321020449130153,0.43405498213252985,2.337860790384338,Bootstrap05
none,29,71,2.3733829783535896,0.8919023439623682,1.969825138049564,Bootstrap06
none,29,71,2.097163742282533,0.9049194240378862,1.6814253241101578,Bootstrap07
none,29,71,3.2190011794815976,0.8913209721095444,2.6750292586486606,Bootstrap08
none,29,71,2.1185435409294637,0.9003427650931247,1.8482601217676344,Bootstrap09
none,29,71,2.9144621185161093,0.7441660314511581,1.8380116914959292,Bootstrap10
none,30,72,1.358350097335706,0.962587725665436,1.0823369363543733,Bootstrap01
none,30,72,3.50426400338995,0.7566690500005049,3.033894594845196,Bootstrap02
none,30,72,1.9537835118016147,0.9253006305962055,1.6174595152265057,Bootstrap03
none,30,72,2.300530831251039,0.8201072022825975,2.005847799549425,Bootstrap04
none,30,72,3.0041796387162587,0.9639606855972527,1.957985275381592,Bootstrap05
none,30,72,3.061969439670353,0.7713615569644617,2.745702426314301,Bootstrap06
none,30,72,3.3022505379476215,0.8426022816344367,2.5043262243169773,Bootstrap07
none,30,72,3.306362112652998,0.8891326675664495,2.4683933264399034,Bootstrap08
none,30,72,3.5527065411265477,0.8479611706562762,2.9145024065403224,Bootstrap09
none,30,72,3.3765383066660313,0.771541689126973,2.3211658476299553,Bootstrap10
none,31,73,2.346852594031527,0.9698014137711843,2.0204790330591753,Bootstrap01
none,31,73,2.9073259867465855,0.8685895843706608,2.4086997623152193,Bootstrap02
none,31,73,4.209532613960099,0.8737123403793993,3.47652523247503,Bootstrap03
none,31,73,3.101489889801702,0.7578828708231129,2.1890750369688488,Bootstrap04
none,31,73,2.706200808671917,0.9933800307211819,2.2646726788306006,Bootstrap05
none,31,73,4.0799998349809306,0.7597979940990099,2.8396552177396437,Bootstrap06
none,31,73,2.288397465080999,0.8899360251440925,1.8409063041892635,Bootstrap07
none,31,73,2.3406996946196705,0.9479128076269548,1.8230844732500986,Bootstrap08
none,31,73,3.0395807646711295,0.9243374049638109,2.670280877165031,Bootstrap09
none,31,73,1.9213457465280872,0.8985077514666349,1.3783564850103724,Bootstrap10
none,32,74,2.332823366030289,0.8571735691327413,1.597125357534674,Bootstrap01
none,32,74,1.9135218462149381,0.800491475859663,1.5483109395240129,Bootstrap02
none,32,74,3.7445507818386536,0.7171050135250313,2.8762023268106325,Bootstrap03
none,32,74,2.2500316728297114,0.8646829927568274,1.9255710017250995,Bootstrap04
none,32,74,2.4818012101132143,0.8868515918486696,1.8254584557744233,Bootstrap05
none,32,74,2.3668421959062402,0.9125325385565471,1.9726606500209116,Bootstrap06
none,32,74,3.5452743591329274,0.8427543343201,2.4802666529868103,Bootstrap07
none,32,74,2.230414787193739,0.9129074791073573,1.4241408615423095,Bootstrap08
none,32,74,3.7963932197619368,0.7097359021167705,3.0100832941276314,Bootstrap09
none,32,74,3.3197946217005647,0.7888405993089755,2.830660790430833,Bootstrap10
none,33,75,2.4013279431371135,0.9004227026271384,1.6497242188826522,Bootstrap01
none,33,75,2.493096010543263,0.7403261071320343,2.1627651230682843,Bootstrap02
none,33,75,2.5345586686106065,0.8434280440316214,1.9427857866292615,Bootstrap03
none,33,75,2.264368989390659,0.8782367376292977,1.659819152285832,Bootstrap04
none,33,75,1.4151207603341114,0.9642739571048169,1.3640706674883063,Bootstrap05
none,33,75,4.5969245335044375,0.8853284516659077,4.125472782905615,Bootstrap06
none,33,75,4.857879461206436,0.7219880779394828,3.948445611808651,Bootstrap07
none,33,75,2.912683777656051,0.8709645113929404,2.340157053618526,Bootstrap08
none,33,75,2.5560978913599004,0.8079990249116338,2.034428241566092,Bootstrap09
none,33,75,2.4671828440388777,0.832221759487189,1.5956447170409216,Bootstrap10
none,34,76,3.1091164113104033,0.8237476006946756,2.4128953373194126,Bootstrap01
none,34,76,4.095192772411684,0.8154622809952242,3.1649227546824292,Bootstrap02
none,34,76,2.914049431134783,0.7826447241344217,2.238871169850495,Bootstrap03
none,34,76,1.5447443708496758,0.9664367060948863,1.1799859424853298,Bootstrap04
none,34,76,2.8807064551777835,0.8614477001396583,2.39295460063036,Bootstrap05
none,34,76,2.1827688387229904,0.7693958770531675,1.8418035223649578,Bootstrap06
none,34,76,4.3821356033799495,0.6980156288852373,3.5765060784508598,Bootstrap07
none,34,76,2.5707865310569895,0.9056768331701224,2.119114816156898,Bootstrap08
none,34,76,4.184371853588237,0.6738955182662479,3.468573786470586,Bootstrap09
none,34,76,3.9641262134507023,0.8119185899246918,2.8977202860828015,Bootstrap10
none,35,77,1.2234899115031386,0.9157589462628337,1.0655453149933114,Bootstrap01
none,35,77,1.7060412048503273,0.8421124741138927,1.3668333322096557,Bootstrap02
none,35,77,2.0733360034058945,0.8821527806494722,1.5391501204711313,Bootstrap03
none,35,77,2.592746884696457,0.7189710953765228,2.0790831636112737,Bootstrap04
none,35,77,3.786308514671502,0.8891260928341076,2.971279906044676,Bootstrap05
none,35,77,2.411475144895136,0.7357470498804466,2.025189340883887,Bootstrap06
none,35,77,2.5332635562650903,0.9305982121132421,1.871482766407173,Bootstrap07
none,35,77,3.232446653279227,0.8943415646874855,2.4459130855765596,Bootstrap08
none,35,77,2.2155645757455407,0.9024298059284137,1.6061667259155465,Bootstrap09
none,35,77,3.3299485017416735,0.6916819201562171,2.7157388686949235,Bootstrap10
none,36,78,2.9826814769185277,0.954245033079671,2.201140268098047,Bootstrap01
none,36,78,2.4839111894532313,0.8924593191478991,1.77539887741168,Bootstrap02
none,36,78,4.089759403381781,0.937529837794537,2.8757236253802123,Bootstrap03
none,36,78,3.375216796498058,0.764943939790064,2.640363108775296,Bootstrap04
none,36,78,3.5232726874621894,0.7136508235854777,2.678063347387845,Bootstrap05
none,36,78,3.4865245484787426,0.8543433634947368,2.9340374331476746,Bootstrap06
none,36,78,2.019022349644332,0.87693138969854,1.651836437245039,Bootstrap07
none,36,78,3.593125777903606,0.7189946817747307,2.4281196128476665,Bootstrap08
none,36,78,3.0289501260646885,0.9081395189658075,2.4550143747079693,Bootstrap09
none,36,78,3.154061653846102,0.6807485158103291,2.3338031929955214,Bootstrap10
none,37,79,4.189780156103159,0.8889625196075233,3.4589437719348455,Bootstrap01
none,37,79,3.1072342501906647,0.9183277553652842,2.3312049906732804,Bootstrap02
none,37,79,2.328705959035874,0.9384015843676539,1.9009391793417305,Bootstrap03
none,37,79,1.8673855368978223,0.9280384030565758,1.6764441703658246,Bootstrap04
none,37,79,2.1617482789718196,0.9912956358827703,1.9203332653468705,Bootstrap05
none,37,79,4.104549240323837,0.8799405997542094,3.461491411915328,Bootstrap06
none,37,79,2.9929312369415513,0.9031899190990804,2.4978917787812924,Bootstrap07
none,37,79,3.621669457576211,0.7834419667268069,2.842816906706499,Bootstrap08
none,37,79,2.208570418395356,0.9095548750264898,1.7064121718858822,Bootstrap09
none,37,79,3.134703237431681,0.8523413900825281,2.664546057508635,Bootstrap10
none,38,80,2.222026722816768,0.9122391786572319,1.8863449126545915,Bootstrap01
none,38,80,3.437148358305205,0.7125523340158363,2.5178592526557377,Bootstrap02
none,38,80,3.1027881219924263,0.8204976511237526,2.4601762116784576,Bootstrap03
none,38,80,2.12467240864489,0.9211802612697241,1.7925750376675862,Bootstrap04
none,38,80,3.2460894045300277,0.7730598212512345,2.363605290510651,Bootstrap05
none,38,80,2.3853326638832573,0.9468436495617427,1.9289678932050447,Bootstrap06
none,38,80,3.3449540341391497,0.7983587461814636,2.471944868989039,Bootstrap07
none,38,80,1.7481223269048551,0.9176608578759238,1.2868490739873517,Bootstrap08
none,38,80,3.172073167619593,0.8594723987143078,3.0859013301476255,Bootstrap09
none,38,80,2.227935092579092,0.9886254874100865,1.693618042564151,Bootstrap10
none,39,81,3.950710023971381,0.8665438057030281,3.3101513421956104,Bootstrap01
none,39,81,4.0218317581500695,0.7598248334681362,3.1687952974927796,Bootstrap02
none,39,81,4.210640875288282,0.8067299492894525,3.577079245380883,Bootstrap03
none,39,81,2.415196684449952,0.794938863484444,2.2343066255038266,Bootstrap04
none,39,81,2.334797653604815,0.8733805764749657,1.6661353965167616,Bootstrap05
none,39,81,2.8369095046811843,0.9446195594093684,2.415340157389765,Bootstrap06
none,39,81,4.202671063452613,0.8637439480492574,3.221664112313429,Bootstrap07
none,39,81,2.4594416341718683,0.8831506391647755,2.1496674217725165,Bootstrap08
none,39,81,2.7870259415020557,0.8408212380131285,2.025521802352782,Bootstrap09
none,39,81,3.7295402483548896,0.7840904458527954,2.689773200605793,Bootstrap10
none,40,82,2.138518943095175,0.8299445601207339,1.640145396655896,Bootstrap01
none,40,82,2.7685372046768957,0.8459199076084575,2.2624344053836425,Bootstrap02
none,40,82,2.8071864207643524,0.876272818465561,1.7272138950381486,Bootstrap03
none,40,82,1.4820107864885503,0.947391227833106,1.0521790906459416,Bootstrap04
none,40,82,3.220062952999803,0.9513006459138201,2.603454166579843,Bootstrap05
none,40,82,3.3177937274245157,0.936301269701845,2.536976100603663,Bootstrap06
none,40,82,1.7854884257170955,0.8898962855975807,1.3574727498826302,Bootstrap07
none,40,82,1.7645803703188823,0.9504264200445268,1.5006093376671938,Bootstrap08
none,40,82,2.4026745871055746,0.9370055761632909,1.8541509322404799,Bootstrap09
none,40,82,2.5294631340707494,0.13561713857502586,2.4441948576283576,Bootstrap10
none,41,83,3.3519126250799904,0.7861199024323081,3.0237660367955983,Bootstrap01
none,41,83,3.4253813464087837,0.8245364114283188,2.677692831446956,Bootstrap02
none,41,83,2.65033237623376,0.9485904350263018,1.540844410640822,Bootstrap03
none,41,83,2.0832845309282293,0.8397748870150166,1.3743532825272065,Bootstrap04
none,41,83,3.3121036803405226,0.9617008847428513,2.3359069390880527,Bootstrap05
none,41,83,3.43291516604281,0.9547856102327194,2.6869867358156507,Bootstrap06
none,41,83,4.135430619744666,0.7958980207349071,3.445108215954881,Bootstrap07
none,41,83,4.409104642377004,0.8926712968803449,3.813275812157001,Bootstrap08
none,41,83,3.971977053413344,0.8515057144541714,2.984758573991548,Bootstrap09
none,41,83,2.7813431779434414,0.903177099965763,2.2116323764341863,Bootstrap10
none,42,84,2.4610454486763325,0.8667502143892556,1.8116087190630272,Bootstrap01
none,42,84,2.5589349436274476,0.861538526479384,1.9474987765014007,Bootstrap02
none,42,84,2.8755975993539473,0.9200831626559682,2.531465572252369,Bootstrap03
none,42,84,1.2145579215864482,0.9844471513000117,0.9905729940758871,Bootstrap04
none,42,84,2.8123138416028786,0.7415300132665947,1.9270467972714462,Bootstrap05
none,42,84,1.930367965466767,0.952905571808224,1.5473872646242355,Bootstrap06
none,42,84,2.742308186013277,0.8754415512900268,2.3594559670785777,Bootstrap07
none,42,84,1.8391362414609516,0.9611068558769416,1.199576113892274,Bootstrap08
none,42,84,1.5158346249699448,0.9019705861136674,1.1803493256683735,Bootstrap09
none,42,84,2.4984479469900656,0.9288876248814916,2.003682139609608,Bootstrap10
none,43,85,2.6914400558536005,0.8205184140634221,1.8988342036812738,Bootstrap01
none,43,85,3.7056719539502496,0.8721874768751543,3.5095327954089512,Bootstrap02
none,43,85,2.399989101550838,0.8693624052266519,1.8835536399179624,Bootstrap03
none,43,85,2.3206422779634575,0.8345052924252238,1.8600856534693897,Bootstrap04
none,43,85,3.086962947861802,0.9148835717770833,2.249518776361065,Bootstrap05
none,43,85,2.2497167451578615,0.9498461304060772,1.5661253413709588,Bootstrap06
none,43,85,1.9928844552188998,0.8183922468541667,1.4624792822735737,Bootstrap07
none,43,85,3.5775035296688382,0.7973344866172181,2.844590458405619,Bootstrap08
none,43,85,3.6151228798787813,0.8752309973595077,2.715437209628243,Bootstrap09
none,43,85,3.6346941536769153,0.8688667435227209,2.5183799677070886,Bootstrap10
none,44,86,3.688118320095807,0.8604981946994186,2.8614725538643575,Bootstrap01
none,44,86,3.56024682169186,0.7659238395759935,2.6520181148376545,Bootstrap02
none,44,86,2.312724576050825,0.9162180916468826,1.9936943925060302,Bootstrap03
none,44,86,2.695519536285279,0.8103138917701358,2.2673108580703403,Bootstrap04
none,44,86,2.2946943752464515,0.5568935881410202,1.7042049885975843,Bootstrap05
none,44,86,4.085499290925143,0.8176638481686943,3.2084374243647202,Bootstrap06
none,44,86,3.3958779391644702,0.9850767840264738,2.4510201382864834,Bootstrap07
none,44,86,3.112463285267383,0.8471147802651628,2.414689439098312,Bootstrap08
none,44,86,2.546190197076434,0.9511822836271305,2.0027706084624985,Bootstrap09
none,44,86,2.2537468859183245,0.8590350114994084,1.6824064657645768,Bootstrap10
none,45,87,2.393740096131443,0.8877386251439849,1.7653891875069938,Bootstrap01
none,45,87,4.438177090966028,0.837489658880419,3.9385787286074057,Bootstrap02
none,45,87,1.5979713710464798,0.8086225488488761,1.200882563537797,Bootstrap03
none,45,87,0.7066770680181258,0.9513829536640667,0.5300626397543002,Bootstrap04
none,45,87,2.506009894988189,0.8959794892258722,2.224563610215005,Bootstrap05
none,45,87,3.289057778417119,0.5447170205377194,2.482782657823191,Bootstrap06
none,45,87,1.4773007265949105,0.9180363727505217,1.2170859459047234,Bootstrap07
none,45,87,3.6209062284286655,0.7937383855140803,2.6166514741689872,Bootstrap08
none,45,87,1.6997805706252336,0.9016412362933066,1.3969878680736851,Bootstrap09
none,45,87,3.4340285027536264,0.9223829979767446,3.010908761922833,Bootstrap10
none,46,88,2.542251336656984,0.8431577207270181,2.3365733472577874,Bootstrap01
none,46,88,2.356563449722635,0.8502760068021318,1.645874016329932,Bootstrap02
none,46,88,2.409003444249417,0.7952857105481955,2.0019140282093293,Bootstrap03
none,46,88,3.251129015786841,0.7416053519312724,2.5108936149797945,Bootstrap04
none,46,88,2.9175985127098705,0.9225248428834608,2.5273025291075997,Bootstrap05
none,46,88,3.5349318997247847,0.7553262943710762,2.767397481781122,Bootstrap06
none,46,88,2.316122468179146,0.7662642843257732,1.9630049711304074,Bootstrap07
none,46,88,2.984184357337813,0.8563172370865014,2.436125196186901,Bootstrap08
none,46,88,2.1488214021045633,0.799226220776658,1.67219267801071,Bootstrap09
none,46,88,1.278636067082712,0.9496375801117901,1.1400598007599958,Bootstrap10
none,47,89,2.5637118599863413,0.8978612040305484,1.8574856404761688,Bootstrap01
none,47,89,2.6767593553686306,0.6306687281820361,2.0691038980224654,Bootstrap02
none,47,89,1.9094186420598682,0.9860675101802988,1.4634737928703831,Bootstrap03
none,47,89,2.8798490971030866,0.9187817785092629,2.256180518559796,Bootstrap04
none,47,89,3.593478351535953,0.839986019585519,2.719812356631696,Bootstrap05
none,47,89,2.830344875233473,0.9321371858445957,2.142781075059812,Bootstrap06
none,47,89,3.916419192622921,0.8809113150222213,3.099866242382461,Bootstrap07
none,47,89,2.9099627926166467,0.8792520284809193,2.4253045429610265,Bootstrap08
none,47,89,2.703998041674541,0.8057325556274015,2.2091135317389727,Bootstrap09
none,47,89,3.3019285584179445,0.82956026112513,2.702284206987355,Bootstrap10
none,48,90,3.4450189345387625,0.8925825297822018,2.147039383297843,Bootstrap01
none,48,90,2.8294663727048284,0.8014966876334753,2.266824103499243,Bootstrap02
none,48,90,2.711718845018909,0.8041010141544493,2.0916260055447506,Bootstrap03
none,48,90,2.8943700001162274,0.9416351971410656,2.325507809016794,Bootstrap04
none,48,90,2.718798993136444,0.830656294620629,2.1194033143174718,Bootstrap05
none,48,90,2.22678427833358,0.8664856577390889,1.9179627821003635,Bootstrap06
none,48,90,2.2123261165166634,0.8928148996971279,1.8251046034860878,Bootstrap07
none,48,90,3.1031783270933375,0.7842766842048536,2.2071957632632393,Bootstrap08
none,48,90,3.283952879414863,0.8744182810623317,2.3836911564381316,Bootstrap09
none,48,90,3.729548840155623,0.9597929598203837,2.9518252152882867,Bootstrap10
none,49,91,3.6976251565014655,0.7432772263683801,2.8328947390848787,Bootstrap01
none,49,91,2.365351128407348,0.7306958662645135,1.919980876241646,Bootstrap02
none,49,91,3.4969195639849793,0.6745879582116138,3.0393427549573246,Bootstrap03
none,49,91,2.169597257731024,0.9509272671588169,1.8996690086393344,Bootstrap04
none,49,91,3.36937113243035,0.9623014126068348,2.628763808281938,Bootstrap05
none,49,91,2.895638882377343,0.878433162271941,2.3491332270678367,Bootstrap06
none,49,91,2.1958480293976983,0.931396440648772,1.614017938455819,Bootstrap07
none,49,91,1.2275082976935479,0.9582120752969522,0.9772539588169921,Bootstrap08
none,49,91,2.9957122542385846,0.863059551573367,2.6127605981171707,Bootstrap09
none,49,91,2.0472095756319915,0.9283824860910923,1.6665929243131132,Bootstrap10
none,50,92,4.13185886073491,0.8825847885827782,2.860319109743607,Bootstrap01
none,50,92,2.28054534236967,0.8910640994720693,2.0235444938725373,Bootstrap02
none,50,92,1.9349568833981374,0.9022077843754547,1.6116446454314237,Bootstrap03
none,50,92,2.676034756385009,0.8544946663616938,1.932226669595375,Bootstrap04
none,50,92,1.3337897560511154,0.9537012831180001,0.9902367628920358,Bootstrap05
none,50,92,1.9692443974378597,0.9266067217920452,1.6060513473306741,Bootstrap06
none,50,92,2.7437925571441455,0.9282091413299715,2.3480079732640817,Bootstrap07
none,50,92,2.7742252238044216,0.9112679480075775,2.0880727317294787,Bootstrap08
none,50,92,3.3512795172722023,0.6994182321908342,2.386630519425404,Bootstrap09
none,50,92,2.6960153614112894,0.8568988449887741,1.847084977030949,Bootstrap10
none,51,93,1.8949082269778592,0.9107901025037325,1.6913699320465896,Bootstrap01
none,51,93,2.4326513663597917,0.7450814512877537,2.1235767418235385,Bootstrap02
none,51,93,3.793134295178113,0.8469117391510675,3.2662496069710953,Bootstrap03
none,51,93,3.656831151298599,0.7783205721092062,2.2871829973712883,Bootstrap04
none,51,93,1.936321107068608,0.9377860674872565,1.6143293860299945,Bootstrap05
none,51,93,2.6735493434538276,0.8394076900818924,2.458898049365542,Bootstrap06
none,51,93,5.592685891200264,0.9291080643017825,4.6487383541083656,Bootstrap07
none,51,93,3.504512429198893,0.9774589093462761,2.9539014154636773,Bootstrap08
none,51,93,2.1638422253580494,0.8933202407603043,1.8284358412545267,Bootstrap09
none,51,93,2.4373721278835543,0.8614712206633707,1.81361345878359,Bootstrap10
none,52,94,1.7939369142023127,0.905058021634357,1.530789053543911,Bootstrap01
none,52,94,2.0830422263157673,0.7319540293464005,1.710453170114544,Bootstrap02
none,52,94,2.4755068164403524,0.9331193846141363,2.0304747840408353,Bootstrap03
none,52,94,2.0720845052351433,0.851716324850756,1.757003547236301,Bootstrap04
none,52,94,3.546655909163333,0.9133649018448311,2.81221626307665,Bootstrap05
none,52,94,3.4846431869484538,0.9514568941174995,2.9085936862938753,Bootstrap06
none,52,94,3.782771202887094,0.8875840113856409,3.2932549076465683,Bootstrap07
none,52,94,2.192685858583826,0.9505116059065148,1.8737018332827382,Bootstrap08
none,52,94,1.0883627271956748,0.9738020193605557,0.9137055561991158,Bootstrap09
none,52,94,3.279049218702772,0.8675425351066773,2.378522866825489,Bootstrap10
none,53,95,3.06529690060271,0.9584046377632818,2.1527226745003194,Bootstrap01
none,53,95,2.507695297670562,0.8728086191480675,2.145413316622883,Bootstrap02
none,53,95,2.8871839849763794,0.8908874762083505,2.1554848669274724,Bootstrap03
none,53,95,1.6261927600497172,0.8706745689993178,1.3163546635852208,Bootstrap04
none,53,95,3.2745557530637757,0.9468188679102096,2.5312112978893895,Bootstrap05
none,53,95,3.442376187048083,0.7204430313979359,3.033021407159773,Bootstrap06
none,53,95,3.1754146208581973,0.7961303569133581,2.392526312381538,Bootstrap07
none,53,95,2.733096529806545,0.7060654931363606,1.7431337081282858,Bootstrap08
none,53,95,3.203873750859151,0.8967720399823532,2.474445729716866,Bootstrap09
none,53,95,3.1175805212226857,0.7679817416635641,2.336082132515934,Bootstrap10
none,54,96,3.2400726317148836,0.9371046135449895,3.095381348691768,Bootstrap01
none,54,96,1.8885156986718783,0.9319505909190068,1.3739835959757942,Bootstrap02
none,54,96,2.453162124862462,0.8717560535491081,1.6470827246233026,Bootstrap03
none,54,96,1.8397031375022947,0.8763487497487458,1.16990320403159,Bootstrap04
none,54,96,3.53226873013636,0.8795630609702821,2.5885854734653906,Bootstrap05
none,54,96,1.9164177649536518,0.9494996834239331,1.245780622510315,Bootstrap06
none,54,96,3.4076477847778626,0.8728986979530243,2.7492159944367813,Bootstrap07
none,54,96,3.653665430509634,0.9285313915077177,3.102401382291189,Bootstrap08
none,54,96,1.2192384009945674,0.9451432776206802,1.0863802507369986,Bootstrap09
none,54,96,2.2895759069855974,0.8123112768803987,1.9363927931876852,Bootstrap10
none,55,97,1.2894613670525088,0.8196504501633524,1.134001416230375,Bootstrap01
none,55,97,4.339994991448928,0.9515938468127737,3.5124408856832017,Bootstrap02
none,55,97,2.0720654383734143,0.9259005903811558,1.8407357154429465,Bootstrap03
none,55,97,2.363988041268579,0.9559236737141368,2.157848430778626,Bootstrap04
none,55,97,3.5359789183538397,0.8275074624530232,3.207049620600933,Bootstrap05
none,55,97,2.542379270090484,0.8726954826195957,2.2573717670953095,Bootstrap06
none,55,97,3.7574734639794576,0.7538848611319381,2.6922425166794164,Bootstrap07
none,55,97,1.8137459019548532,0.9484470782452198,1.5795645608740179,Bootstrap08
none,55,97,2.4660498456039797,0.731386682543129,2.06653289940146,Bootstrap09
none,55,97,4.160535028386666,0.7843617157672624,3.0472281304795774,Bootstrap10
none,56,98,3.091615573541006,0.9334808642810816,2.603955654941538,Bootstrap01
none,56,98,3.5382835522384357,0.877098790573348,2.452610157964333,Bootstrap02
none,56,98,2.9992409716357367,0.8467736185723884,2.1841886614400403,Bootstrap03
none,56,98,2.1111068780196383,0.8349547011898408,1.669746445593459,Bootstrap04
none,56,98,1.3193116699461802,0.24283539266354348,1.242701805586859,Bootstrap05
none,56,98,3.1926023139235973,0.697004564888391,2.634796691356929,Bootstrap06
none,56,98,1.216524300903464,0.9271239522470103,1.116871152334881,Bootstrap07
none,56,98,2.817571663603104,0.803597941764462,2.3733857116939205,Bootstrap08
none,56,98,1.9491537062743245,0.8913054991154341,1.7116983136456274,Bootstrap09
none,56,98,2.2877875067180296,0.9235127687140673,1.7231799321554024,Bootstrap10
none,57,99,1.3742836932482958,0.9429257044120544,1.1404283199754963,Bootstrap01
none,57,99,3.649058643985092,0.9170050708945046,3.0097040996112034,Bootstrap02
none,57,99,2.931612702355257,0.9388117282853156,2.3975420072293847,Bootstrap03
none,57,99,2.2094687742500305,0.8076086449279793,2.000682924516561,Bootstrap04
none,57,99,3.6840111678022867,0.7734825077857103,2.5780353822407305,Bootstrap05
none,57,99,3.203789458715514,0.8984773003432445,2.739460032012364,Bootstrap06
none,57,99,2.468315829782148,0.8277685211371186,2.241310097137342,Bootstrap07
none,57,99,2.7656981017034177,0.9008102491061448,2.235104105637778,Bootstrap08
none,57,99,2.8651377544212373,0.8574274475840253,2.3113860637867,Bootstrap09
none,57,99,1.702781613230674,0.870462480526019,1.3685519394048207,Bootstrap10
none,58,100,4.582540524632992,0.9379990435082449,3.701768251921176,Bootstrap01
none,58,100,3.9046759489503224,0.8539793312181024,3.075743623805036,Bootstrap02
none,58,100,2.7329094652018653,0.9359040975194812,2.181820500507319,Bootstrap03
none,58,100,4.0218378679912234,0.8784615203544196,3.3651152373261053,Bootstrap04
none,58,100,3.3192303182543834,0.8577548159410228,2.1830058700585098,Bootstrap05
none,58,100,1.8570492349467524,0.3487428813432877,1.5660457533398955,Bootstrap06
none,58,100,3.870030324709104,0.8169039438279333,2.8071532109949917,Bootstrap07
none,58,100,3.183101065157344,0.8066310523173003,2.398589734518225,Bootstrap08
none,58,100,5.123613431768373,0.8859949598123601,4.284186067396657,Bootstrap09
none,58,100,2.1563497494684607,0.8323954506928904,1.5684493261067243,Bootstrap10
none,59,101,2.875580943535093,0.8703775325686715,2.2638733684179098,Bootstrap01
none,59,101,2.2400359782644204,0.8114004990688021,1.717815029047108,Bootstrap02
none,59,101,3.138633891081903,0.8514643633004241,2.8076360209810507,Bootstrap03
none,59,101,2.738094268728417,0.7912369014540691,2.090353931035523,Bootstrap04
none,59,101,4.2932517494185065,0.9792799725276633,3.3343741026300266,Bootstrap05
none,59,101,2.5088230307164148,0.9260140928435536,1.952063742188895,Bootstrap06
none,59,101,2.5664829002528924,0.8737103801856008,2.0005057247547344,Bootstrap07
none,59,101,3.0222386084652233,0.8228799157318671,2.460650248646743,Bootstrap08
none,59,101,2.2669298480005255,0.9349702446866546,1.8134079281340993,Bootstrap09
none,59,101,2.1553138377792136,0.7194694585911589,1.9848358374510522,Bootstrap10
none,60,102,2.7503201210825403,0.8357035868564789,2.183493989260523,Bootstrap01
none,60,102,4.152783204467056,0.8525897650726307,3.355014878086098,Bootstrap02
none,60,102,3.2234355833564092,0.9236877726730951,2.2582111951782267,Bootstrap03
none,60,102,2.446069762682804,0.9340705416426277,2.179624257798092,Bootstrap04
none,60,102,2.2131169134352686,0.8785734007350037,1.7508613757466671,Bootstrap05
none,60,102,3.7888665118295224,0.8750616370467438,3.1408642133659197,Bootstrap06
none,60,102,3.1011756639481933,0.9684731752513334,2.4822062926984123,Bootstrap07
none,60,102,2.488319985117708,0.8708456458281543,2.0768411460425282,Bootstrap08
none,60,102,3.248240173569481,0.8432641930875155,2.450280978049541,Bootstrap09
none,60,102,2.8930644834649537,0.5902677682204841,2.260932938572547,Bootstrap10
none,61,103,2.918870388239246,0.7388491933048933,2.362495853755317,Bootstrap01
none,61,103,3.1377493535667953,0.8485011632986753,2.76514895303939,Bootstrap02
none,61,103,3.029840089144136,0.9071015552617379,2.566677135137948,Bootstrap03
none,61,103,3.62831701083079,0.8598450711229585,3.248597247582987,Bootstrap04
none,61,103,3.1712504672859856,0.9582751669398055,2.5468077308350905,Bootstrap05
none,61,103,2.1749215075700334,0.9260498163883562,1.826597366921951,Bootstrap06
none,61,103,2.522404077249984,0.8920709301884494,1.8484329372346404,Bootstrap07
none,61,103,2.8804885844602537,0.7426765544410637,2.484502260551924,Bootstrap08
none,61,103,3.0610723329635245,0.889950262658625,2.782920017672488,Bootstrap09
none,61,103,2.282705814309803,0.941424992552571,1.6101203518791916,Bootstrap10
none,62,104,3.8847285419482156,0.7504605219754774,3.223036727215321,Bootstrap01
none,62,104,2.2969974094625214,0.8982640349470157,2.0123203214872833,Bootstrap02
none,62,104,1.6563166691477913,0.8848189002850357,1.1258739872667374,Bootstrap03
none,62,104,1.98436516377582,0.9394287846414898,1.6875041759025329,Bootstrap04
none,62,104,2.353690587089974,0.9483156829202212,2.0431026358961994,Bootstrap05
none,62,104,2.6721807780702664,0.9308980324371974,2.2719748424816784,Bootstrap06
none,62,104,5.241560157762103,0.8959451667490885,4.348747077002365,Bootstrap07
none,62,104,2.4015267957354935,0.9076752605196715,1.755376277843714,Bootstrap08
none,62,104,2.4926406757588784,0.9459347846649067,1.910705149394482,Bootstrap09
none,62,104,2.65225998043979,0.9043983931797273,1.9956526366666785,Bootstrap10
none,63,105,3.7214187372128507,0.8575484487299931,2.689713934535241,Bootstrap01
none,63,105,2.79035201518931,0.8696152832446129,1.9965618133082843,Bootstrap02
none,63,105,3.265837489508908,0.840476550691982,2.5866238609761396,Bootstrap03
none,63,105,1.8639137053543322,0.9199410522255763,1.4637166928048742,Bootstrap04
none,63,105,2.5206726260585515,0.8212998215599068,1.9026483707222785,Bootstrap05
none,63,105,2.8163857673260737,0.9251953802189276,2.5049477026188036,Bootstrap06
none,63,105,2.301583390812992,0.6824038662332153,1.7412656563978355,Bootstrap07
none,63,105,3.273290488352961,0.7617556378053459,2.369332793453574,Bootstrap08
none,63,105,2.794977569758074,0.9610583632626761,2.32807514553979,Bootstrap09
none,63,105,1.9049784769440072,0.8871109003703498,1.431261272537266,Bootstrap10
none,64,106,1.9112062185064833,0.8982917604791154,1.3899088538050024,Bootstrap01
none,64,106,3.281617884101238,0.8170297403547693,2.51799450436917,Bootstrap02
none,64,106,3.4320116744972333,0.8314613718642591,3.079148503574797,Bootstrap03
none,64,106,2.914559620732759,0.8735584684793922,2.7310241970591567,Bootstrap04
none,64,106,2.548079927638659,0.9379663640168137,2.4893081443698457,Bootstrap05
none,64,106,3.6273776531751265,0.7961417207337537,2.9530108269857576,Bootstrap06
none,64,106,4.258942147914537,0.8515219455622108,3.357095254164757,Bootstrap07
none,64,106,1.8494859814301894,0.8672236486622958,1.5308164700920164,Bootstrap08
none,64,106,0.8777430867535572,0.9640216432232395,0.6610236987089552,Bootstrap09
none,64,106,2.267057672832132,0.9113456889455491,1.9918958336119759,Bootstrap10
none,65,107,2.8162941608048158,0.9017796038803519,2.0624963184446234,Bootstrap01
none,65,107,1.2669715528307426,0.9574770050124141,1.1637883544220002,Bootstrap02
none,65,107,4.028963937713351,0.9283975953181389,3.232138775390424,Bootstrap03
none,65,107,2.584485161189746,0.918297786439708,2.2285704833950346,Bootstrap04
none,65,107,4.269383922589887,0.8657142072693064,3.292390673275806,Bootstrap05
none,65,107,1.8718831115868686,0.9317222677361429,1.5851214182397897,Bootstrap06
none,65,107,3.9060790085762607,0.8887586801527508,3.0192869258245203,Bootstrap07
none,65,107,2.6220932462353366,0.854543453583647,1.843457595109767,Bootstrap08
none,65,107,3.2108416062615355,0.8109867145390517,2.8683012605828697,Bootstrap09
none,65,107,2.447162734122917,0.8785618003622336,2.034006235808473,Bootstrap10
none,66,108,3.0104127685662436,0.9343030505122741,2.060734522870369,Bootstrap01
none,66,108,2.505824038191207,0.8647419863233178,2.2433159808531506,Bootstrap02
none,66,108,2.6701090679235473,0.826039963874799,1.9842160030648153,Bootstrap03
none,66,108,2.481083763585504,0.8758979955533098,1.8441128688348347,Bootstrap04
none,66,108,3.7583473715496627,0.8774782252323723,3.351970157077411,Bootstrap05
none,66,108,4.176875467483139,0.771992986973474,3.149484525198417,Bootstrap06
none,66,108,3.8353631838321633,0.8026086767814238,2.8905642511725502,Bootstrap07
none,66,108,2.7629773985467474,0.9321355266482245,2.036587646307473,Bootstrap08
none,66,108,3.065237883034002,0.843566499964185,2.3971552819539617,Bootstrap09
none,66,108,1.995003881227402,0.8665703600945525,1.6164072952726736,Bootstrap10
none,67,109,2.640432270508242,0.8912673185056359,1.900171864453102,Bootstrap01
none,67,109,2.140446773510061,0.9154962557203339,1.747050353119209,Bootstrap02
none,67,109,1.2641679466765712,0.8944227453315985,1.064971673902408,Bootstrap03
none,67,109,4.025232795340084,0.30763130696281593,2.849552699700908,Bootstrap04
none,67,109,2.080636954210247,0.8796745772445609,1.7433879421934904,Bootstrap05
none,67,109,3.213215374246496,0.8926814162283631,2.3558824606674786,Bootstrap06
none,67,109,5.493390102054129,0.8395293050449525,4.642674313382168,Bootstrap07
none,67,109,2.4860148076106454,0.9605410926242925,1.966930158066887,Bootstrap08
none,67,109,3.428739997811722,0.7847156593687409,2.479173501275668,Bootstrap09
none,67,109,3.5899477973098577,0.8703973234917146,3.1281956294169855,Bootstrap10
none,68,110,4.2001702755080865,0.9135353116688021,3.397565030776146,Bootstrap01
none,68,110,1.8259391334796573,0.9173967858528065,1.6531918449540624,Bootstrap02
none,68,110,3.401477633822391,0.8354846132807273,2.627436708781805,Bootstrap03
none,68,110,1.89096195815549,0.9272299606700761,1.3956356759293367,Bootstrap04
none,68,110,2.3378883709916316,0.8706356073221792,1.8174481162370943,Bootstrap05
none,68,110,2.50391008398104,0.850765140227903,1.8325568837695898,Bootstrap06
none,68,110,2.2933234775130718,0.9168272114534147,1.8432197216564894,Bootstrap07
none,68,110,2.887995576242193,0.789893358602718,2.1819276749910546,Bootstrap08
none,68,110,2.665096684502111,0.8920034671207829,2.244911276651753,Bootstrap09
none,68,110,2.2498346167470746,0.8918544237837601,1.9614958990750853,Bootstrap10
none,69,111,2.3918768017213323,0.9090027469220598,1.9413307618012396,Bootstrap01
none,69,111,2.404032464849871,0.8931670723590592,1.9701056115441322,Bootstrap02
none,69,111,3.590709593568446,0.7465945001169735,2.9107780349279544,Bootstrap03
none,69,111,3.6109500913108037,0.79480842272786,3.1958883682233457,Bootstrap04
none,69,111,3.4254673359780132,0.8449719486311477,2.235714888469257,Bootstrap05
none,69,111,3.384063923955261,0.8862032033552607,2.875028965202143,Bootstrap06
none,69,111,3.5215994536776907,0.9703175449034194,2.836274430159654,Bootstrap07
none,69,111,2.3986703710788264,0.858685688696533,1.8003819721224705,Bootstrap08
none,69,111,3.3807259392074265,0.8525358009793338,2.334082224941049,Bootstrap09
none,69,111,3.895447591443653,0.9197909753359624,3.4566298035915346,Bootstrap10
none,70,112,1.0044198541334757,0.9651253946926308,0.8162651598380272,Bootstrap01
none,70,112,3.907810786547847,0.732064071492347,3.269686282188411,Bootstrap02
none,70,112,4.023378157513951,0.940626209690426,3.024501955979794,Bootstrap03
none,70,112,2.5713066024016,0.8506205617244011,2.2935951019366327,Bootstrap04
none,70,112,3.043121055272757,0.9362326832982997,2.6226920770815285,Bootstrap05
none,70,112,2.1511216223746756,0.9256272338875723,1.6109780958576365,Bootstrap06
none,70,112,2.883295763628129,0.8144597655375713,2.5343384334147654,Bootstrap07
none,70,112,3.2268673385442055,0.9088847408696086,2.636524571329546,Bootstrap08
none,70,112,1.9034925585694618,0.8929257733806459,1.503085878075441,Bootstrap09
none,70,112,2.0684905431842395,0.9456333500250905,1.5989353967205844,Bootstrap10
none,71,113,3.210376147699868,0.9219201400858655,3.1079613425111887,Bootstrap01
none,71,113,2.9390567879644403,0.7975285187031964,2.452703687372506,Bootstrap02
none,71,113,3.04733908117306,0.6273258098215125,2.6077200732936108,Bootstrap03
none,71,113,1.2120385849912745,0.9856878789610409,1.0741185634041759,Bootstrap04
none,71,113,4.185183926777761,0.7481142531579527,3.1069345027618436,Bootstrap05
none,71,113,2.732218496302283,0.8662091389935754,1.4817173449688088,Bootstrap06
none,71,113,2.081605159473134,0.9231351850455244,1.5198590475856453,Bootstrap07
none,71,113,1.8291838746396885,0.753129478849921,1.5446907200231195,Bootstrap08
none,71,113,4.584784436450773,0.9744188868890952,3.6064119561880426,Bootstrap09
none,71,113,2.311983029573295,0.9055529844939506,1.8644569582612758,Bootstrap10
none,72,114,2.248198296515874,0.8504497126082827,1.8460194500488398,Bootstrap01
none,72,114,1.9469628585013825,0.663845615882485,1.6893061247089811,Bootstrap02
none,72,114,4.741490501332354,0.8746958607123441,3.6546363816850973,Bootstrap03
none,72,114,1.3862660594650462,0.8611713166716553,1.2210449843924864,Bootstrap04
none,72,114,2.3421592385115853,0.8056678052137859,1.5924374927589366,Bootstrap05
none,72,114,2.8738420150150135,0.8884309453345195,2.5249075944133588,Bootstrap06
none,72,114,3.186068945515215,0.9654318604070347,2.369457790460436,Bootstrap07
none,72,114,3.2866893933480505,0.8264964264101768,2.8813978296802167,Bootstrap08
none,72,114,2.097162355184682,0.8822613503049683,1.2063535767078577,Bootstrap09
none,72,114,0.7032259021134071,0.9958408321155405,0.559914299310184,Bootstrap10
none,73,115,2.260624258897417,0.9614053642799739,1.8591219420686322,Bootstrap01
none,73,115,2.4352638824790804,0.9419331366397486,1.7224827710809187,Bootstrap02
none,73,115,3.6697605478059048,0.8781672494070655,3.2124049278383686,Bootstrap03
none,73,115,2.749541073098275,0.9312590443580283,2.1582241969066347,Bootstrap04
none,73,115,2.4683249130043445,0.9586080712921781,2.0350984932187006,Bootstrap05
none,73,115,2.455720465127854,0.8147757829692119,2.039631730213956,Bootstrap06
none,73,115,1.4365622385276056,0.9466116766246953,1.2231175839026383,Bootstrap07
none,73,115,3.3836547248559357,0.8477070571787486,2.7567564199896264,Bootstrap08
none,73,115,2.5150866724676497,0.840822938623146,1.5627574057965394,Bootstrap09
none,73,115,2.3326086652207874,0.7703074973253596,1.715355578478952,Bootstrap10
none,74,116,3.1189206332324635,0.8265025074961775,2.3346333653032336,Bootstrap01
none,74,116,1.6961609265161262,0.8969328958571153,1.1129949065394988,Bootstrap02
none,74,116,2.4491913615293988,0.8782681698389865,1.8772148117846141,Bootstrap03
none,74,116,3.4779906953501816,0.8328357059835163,3.050328626193209,Bootstrap04
none,74,116,2.9002788738308523,0.8558888074376846,2.259859977606185,Bootstrap05
none,74,116,3.4246813271222107,0.6802994281417066,2.7693188177978407,Bootstrap06
none,74,116,3.518890675914482,0.751745265031892,2.561511368532939,Bootstrap07
none,74,116,3.2651254036180872,0.7710645065706969,2.52615959827279,Bootstrap08
none,74,116,1.6270478668370636,0.8465947814026633,1.4781098192204931,Bootstrap09
none,74,116,3.908500025733959,0.8284620942136123,2.8011728466104158,Bootstrap10
none,75,117,4.058529288902759,0.83691056171253,3.19534970497754,Bootstrap01
none,75,117,2.0498155990787823,0.9233473142563801,1.584590299428379,Bootstrap02
none,75,117,2.022392256342064,0.8275108527827754,1.7676857323354664,Bootstrap03
none,75,117,3.5987033709282583,0.7881947020234391,3.1303534446040318,Bootstrap04
none,75,117,3.026469978132208,0.9213912265923992,2.5734171579243146,Bootstrap05
none,75,117,3.108428363252329,0.8385248010442321,2.4654261161603803,Bootstrap06
none,75,117,3.36619782002098,0.8304493023372423,2.1665084078108143,Bootstrap07
none,75,117,2.8696449867054654,0.8700447914435603,2.501686580939629,Bootstrap08
none,75,117,3.0097123433292183,0.7913888673546831,2.5440486682840135,Bootstrap09
none,75,117,2.632402570458499,0.9009811412128503,1.9415490331010274,Bootstrap10
none,76,118,1.9669142095934298,0.8791873735381328,1.6696519441671445,Bootstrap01
none,76,118,2.2077383288832544,0.9192049402928296,1.983380783319123,Bootstrap02
none,76,118,3.589359138996841,0.7338302650592402,2.472257311796818,Bootstrap03
none,76,118,2.1829565221669958,0.8999941907568382,1.9278280407569068,Bootstrap04
none,76,118,2.3979643025498523,0.7941742974671745,1.899026937843943,Bootstrap05
none,76,118,2.304432236801628,0.882989394260008,1.4370381681591788,Bootstrap06
none,76,118,3.423259530964517,0.836389890522271,2.8705703877639803,Bootstrap07
none,76,118,4.038412880576752,0.8686562692213904,3.451125297640497,Bootstrap08
none,76,118,2.1384033228770067,0.7120429250561782,1.4703689254361496,Bootstrap09
none,76,118,1.3047157546292418,0.9858973371020299,1.206017906213796,Bootstrap10
none,77,119,2.2385197645611608,0.9187948347425591,1.803353318080246,Bootstrap01
none,77,119,2.5332749641381227,0.8968087805476249,2.168247451918215,Bootstrap02
none,77,119,2.9280447131827323,0.9296477807341348,2.6005274791410438,Bootstrap03
none,77,119,1.366531421534963,0.9162068958553397,1.162328266366607,Bootstrap04
none,77,119,2.6426363199255163,0.9099969935292028,1.8813685746904518,Bootstrap05
none,77,119,3.0847063050891563,0.7970713962104438,2.345820204196604,Bootstrap06
none,77,119,1.85814658135432,0.8819917601233165,1.609334243769365,Bootstrap07
none,77,119,1.4158091218932285,0.9474125360633145,1.2018463011437646,Bootstrap08
none,77,119,2.6382169668864823,0.8948823496086955,2.0715283052669395,Bootstrap09
none,77,119,3.8694447223357895,0.7307049094999729,2.923843755212621,Bootstrap10
none,78,120,3.765496504563277,0.7757882036782258,2.9783200347484615,Bootstrap01
none,78,120,3.4356330817209,0.8203746209294112,2.59826864549035,Bootstrap02
none,78,120,3.170838937954057,0.9439098159680084,2.523553713811775,Bootstrap03
none,78,120,1.4383744420519515,0.9258479157676357,1.3379473559937438,Bootstrap04
none,78,120,3.338809133217513,0.8404919959206234,2.4105490466530677,Bootstrap05
none,78,120,2.3708095413367527,0.8586268133863975,2.0924761970814143,Bootstrap06
none,78,120,3.1523873362315036,0.8222511145826658,2.4326894033491766,Bootstrap07
none,78,120,2.005558877307642,0.9400627390785316,1.3105982512025356,Bootstrap08
none,78,120,2.377069560231007,0.9241381147583374,1.7255814277272568,Bootstrap09
none,78,120,3.671981153240274,0.7307478512760751,3.145580219539408,Bootstrap10
none,79,121,2.5904533772864324,0.8351502192051321,2.073473424994788,Bootstrap01
none,79,121,2.7024296939060157,0.8531225947628397,2.1795442232459528,Bootstrap02
none,79,121,2.9462121459647514,0.8739651038220568,2.5610477052071,Bootstrap03
none,79,121,2.866626088593587,0.8895744884577831,2.265471411522694,Bootstrap04
none,79,121,3.889074289152638,0.9652782199944901,3.3415935410356012,Bootstrap05
none,79,121,3.762232837519625,0.8443657667755511,2.8912459197489593,Bootstrap06
none,79,121,2.7266445482591233,0.8754904732891833,1.8581223628339885,Bootstrap07
none,79,121,3.3898747797122004,0.7328356707573417,2.806913369274524,Bootstrap08
none,79,121,2.366215046002685,0.7088795312777477,1.959556183627953,Bootstrap09
none,79,121,3.2057791578602943,0.8206537612434043,2.8401869184448856,Bootstrap10
none,80,122,4.583978977022163,0.7229158741842,3.865951660741245,Bootstrap01
none,80,122,4.449971414662809,0.8671469568950011,3.8425132341151262,Bootstrap02
none,80,122,3.0659954873309148,0.9487945771673846,2.695896722857203,Bootstrap03
none,80,122,3.803758249698887,0.8672716977023489,2.9379836431326294,Bootstrap04
none,80,122,3.7601080538846476,0.7411507660665417,2.4119876099804554,Bootstrap05
none,80,122,3.204691261304527,0.8378308778562351,2.645521977704091,Bootstrap06
none,80,122,1.813170497881698,0.8943727319848928,1.3436814070179333,Bootstrap07
none,80,122,4.073345026867268,0.8049109752354621,3.259624481974108,Bootstrap08
none,80,122,2.4801235375974495,0.823548171685757,2.1118896052664304,Bootstrap09
none,80,122,3.03512262088065,0.8433971892415859,2.4758245202382527,Bootstrap10
none,81,123,3.76501688797483,0.859080275643494,3.292967259355063,Bootstrap01
none,81,123,2.4203942169720776,0.8628424194291693,1.8434361043334715,Bootstrap02
none,81,123,2.179605173265047,0.8973412435496936,1.6221959086525477,Bootstrap03
none,81,123,4.519245636860058,0.9058544226892576,3.947608493056036,Bootstrap04
none,81,123,1.7016635751648794,0.8901978384907132,1.4425388040532436,Bootstrap05
none,81,123,2.6037678584471755,0.9035708088631652,1.843082234690854,Bootstrap06
none,81,123,2.7980749900101434,0.8550665525004134,2.2636104966792274,Bootstrap07
none,81,123,2.85620164732423,0.7932457671629477,2.119181207484982,Bootstrap08
none,81,123,3.8240589561489386,0.7862510041085768,2.7526533828488615,Bootstrap09
none,81,123,3.0614332062714906,0.907254372898907,2.178291731097059,Bootstrap10
none,82,124,3.7871176315671873,0.7325966373326842,2.6345238191327485,Bootstrap01
none,82,124,2.063257403741047,0.9192677215967564,1.6103414648727765,Bootstrap02
none,82,124,3.1324727566489194,0.4272544127171322,2.4529877638787263,Bootstrap03
none,82,124,3.0165320519841705,0.9332729616316752,2.273143672175837,Bootstrap04
none,82,124,2.7299926482476087,0.9328949308789393,2.2353685809512633,Bootstrap05
none,82,124,2.621065776196613,0.8193339661660819,2.0085306901757205,Bootstrap06
none,82,124,3.9634376984961173,0.8002736252889997,3.6246298804645942,Bootstrap07
none,82,124,3.406733613230463,0.9066204615258557,2.629713223238015,Bootstrap08
none,82,124,3.040923911370378,0.8362143078621391,1.9387438127163785,Bootstrap09
none,82,124,2.7753814080585544,0.8881474817876874,2.2241466512987356,Bootstrap10
none,83,125,2.849197569715755,0.7698852188176719,2.2061234969444725,Bootstrap01
none,83,125,1.966646286535437,0.8837033088764089,1.65914434057463,Bootstrap02
none,83,125,2.363686176493112,0.854055439417159,2.0203323025429,Bootstrap03
none,83,125,2.1202636611643095,0.749410541715784,1.5796493390590518,Bootstrap04
none,83,125,4.800365752652112,0.8259674412666861,3.9122467461295836,Bootstrap05
none,83,125,2.5146695075879193,0.9180747756536611,2.0350423477670803,Bootstrap06
none,83,125,2.2253647523761133,0.7515566481796604,1.9570792916141893,Bootstrap07
none,83,125,2.254866685570888,0.8916672352991114,1.9799972103552328,Bootstrap08
none,83,125,3.2312746515639437,0.8883305266194182,2.4208870361086925,Bootstrap09
none,83,125,1.3796772096335932,0.9714824831915625,1.1803365602635718,Bootstrap10
none,84,126,3.0820019776819976,0.9639622920856008,2.4737880610488694,Bootstrap01
none,84,126,2.3647513097263753,0.8891717539299164,1.921726152460197,Bootstrap02
none,84,126,2.3263439245550384,0.9160271566944871,1.8593408617261318,Bootstrap03
none,84,126,2.323486646796218,0.9191874764432085,1.878886659506587,Bootstrap04
none,84,126,3.1654716683825908,0.9105329981616771,2.053923193092167,Bootstrap05
none,84,126,2.8146241069191427,0.8816717404416013,2.333994479047334,Bootstrap06
none,84,126,2.5119458905797667,0.9078615205996872,1.697060089297413,Bootstrap07
none,84,126,2.517578301489877,0.926297401502214,2.259257401032661,Bootstrap08
none,84,126,2.4569365352690857,0.9131134490790097,2.183057507278998,Bootstrap09
none,84,126,3.1562538114339556,0.8815396906437158,2.3437679121590103,Bootstrap10
none,85,127,2.347569388442507,0.8861573748633768,1.5889528408231928,Bootstrap01
none,85,127,2.2726950991979535,0.6809029975093384,1.9190603620673592,Bootstrap02
none,85,127,4.095858241975251,0.8172046942146329,2.912197743237767,Bootstrap03
none,85,127,2.764116625784804,0.8889060884716353,2.5822994178428407,Bootstrap04
none,85,127,1.9465014453878782,0.9340747614597594,1.730661686526992,Bootstrap05
none,85,127,2.2922542265802863,0.8515893434740184,1.8613364037883022,Bootstrap06
none,85,127,3.2749617400174706,0.7358110831745163,2.46435128859129,Bootstrap07
none,85,127,2.45651076834145,0.8546666089778364,1.9687251548848637,Bootstrap08
none,85,127,2.014886611299104,0.8986144893199374,1.8345633024686743,Bootstrap09
none,85,127,2.6123796734760956,0.8489221512777885,1.9364300752323778,Bootstrap10
none,86,128,2.838135137456055,0.9535868271248318,2.3039745099076185,Bootstrap01
none,86,128,3.4934241843946454,0.804507889097481,2.684666047242674,Bootstrap02
none,86,128,2.6473713530968603,0.9047140036953495,1.8252276281750683,Bootstrap03
none,86,128,2.4333062222477357,0.9062660850974099,2.030706267053551,Bootstrap04
none,86,128,3.3888901577273276,0.7721637190732212,2.4748972541237517,Bootstrap05
none,86,128,1.663740340122353,0.8675257204162994,1.4065177292837516,Bootstrap06
none,86,128,2.475244069274694,0.8313835626730233,2.1285792220093542,Bootstrap07
none,86,128,2.848468139005883,0.8995504481925929,2.3930042125893083,Bootstrap08
none,86,128,4.285680383733378,0.8495038445792836,3.628635341014974,Bootstrap09
none,86,128,2.409508764781843,0.8415280664983155,2.0999992223889463,Bootstrap10
none,87,129,3.6027890824688615,0.8015565736073105,2.7431916346511076,Bootstrap01
none,87,129,3.3501412396803913,0.5565371057137928,1.9286773251025036,Bootstrap02
none,87,129,3.42068551043585,0.8665189132252777,2.5395589972822883,Bootstrap03
none,87,129,3.0075218577740275,0.9342467023689075,2.501550250724961,Bootstrap04
none,87,129,1.292594751538013,0.9821208764499864,1.1442884545771985,Bootstrap05
none,87,129,1.124087993643226,0.8916665559474629,1.0530971576618828,Bootstrap06
none,87,129,3.2172653162215195,0.8658599555527734,2.1544785493170284,Bootstrap07
none,87,129,2.4762725335684594,0.8338590095739421,2.2920853043483485,Bootstrap08
none,87,129,2.7000131698152265,0.9305667739407624,2.31708866959198,Bootstrap09
none,87,129,2.2024569826314724,0.8432171474038478,1.8281756999753376,Bootstrap10
none,88,130,2.711511244825345,0.9178581231001315,2.4954570520060138,Bootstrap01
none,88,130,2.7495999341375015,0.9474702284179102,2.0441797840258573,Bootstrap02
none,88,130,2.7974197042478974,0.8842007527931857,2.263827544628679,Bootstrap03
none,88,130,2.4441453062687284,0.782176272329949,2.1982447619788177,Bootstrap04
none,88,130,2.453032673875713,0.8666017219474557,1.9604273536310035,Bootstrap05
none,88,130,3.146875651226652,0.8854150730793515,2.385086758072325,Bootstrap06
none,88,130,2.2627764603811027,0.700038254769425,2.0732764872419804,Bootstrap07
none,88,130,2.5716359888087816,0.9306983187439143,1.9053717341184375,Bootstrap08
none,88,130,2.771287340097124,0.8034855580270933,2.180119250622452,Bootstrap09
none,88,130,3.342048800125809,0.8282555727416938,2.393557926260061,Bootstrap10
none,89,131,2.205179427750615,0.9203222869959422,1.6355872901452893,Bootstrap01
none,89,131,1.1354862092610183,0.9678741349951643,0.9488727656992794,Bootstrap02
none,89,131,2.5859591640988344,0.8580833763787924,1.9289603262964252,Bootstrap03
none,89,131,3.13110578705959,0.8810412219694396,2.2772568858658007,Bootstrap04
none,89,131,2.1069007102244734,0.929558210840356,1.4959082672278037,Bootstrap05
none,89,131,3.407409633475674,0.9227769221057752,2.8020402128407107,Bootstrap06
none,89,131,3.067027443455331,0.829109462437243,2.586255571543945,Bootstrap07
none,89,131,3.5219996903432826,0.7925480165221673,2.782668647062295,Bootstrap08
none,89,131,3.158315246748781,0.855847681305716,2.5674528915219494,Bootstrap09
none,89,131,2.915211606186176,0.8626558451213503,2.5634568255933163,Bootstrap10
none,90,132,3.205931076066518,0.8539516162065722,2.172696545807407,Bootstrap01
none,90,132,2.7032680592443765,0.8736518349454855,1.8403945773951644,Bootstrap02
none,90,132,3.1381190906281464,0.8198937526981207,2.722770070900175,Bootstrap03
none,90,132,2.632220333576271,0.7005358235090546,1.7997568365160699,Bootstrap04
none,90,132,2.358546520538601,0.816532348142417,1.6601635120581688,Bootstrap05
none,90,132,1.9531243209433036,0.8995764240002759,1.3647123088530986,Bootstrap06
none,90,132,2.43784197927546,0.9304788672716271,1.955364279712495,Bootstrap07
none,90,132,2.8470672009642453,0.8530538641549751,2.2556475607335753,Bootstrap08
none,90,132,2.476198919103709,0.9008968738232355,2.0029229441978136,Bootstrap09
none,90,132,1.2563740981357376,0.9151990851613161,1.0571036412523127,Bootstrap10
none,91,133,3.0521380734937407,0.8252005792751074,2.5055968448161248,Bootstrap01
none,91,133,3.695827362105955,0.6923157970046153,3.0371755048463163,Bootstrap02
none,91,133,3.1129807487940635,0.7295070772059739,2.024218540841505,Bootstrap03
none,91,133,3.7000864545081207,0.904891014931232,3.1870966497233426,Bootstrap04
none,91,133,3.5468141532296182,0.782288205796642,2.852907302146734,Bootstrap05
none,91,133,2.775267464613898,0.7746637766556621,2.01810130149367,Bootstrap06
none,91,133,3.742176530699621,0.7935345147532353,2.929970660027427,Bootstrap07
none,91,133,2.971416562768335,0.8624778353444157,2.2548907275425982,Bootstrap08
none,91,133,2.6752784833894725,0.9436296132901562,2.2811102692395386,Bootstrap09
none,91,133,3.309222071986722,0.8698165273705423,2.4741870831577053,Bootstrap10
none,92,134,3.693463523916638,0.8699723668427692,2.912880036871937,Bootstrap01
none,92,134,2.964599957360104,0.8889473460031178,2.3042545763801257,Bootstrap02
none,92,134,3.066803465929431,0.7937283047004641,2.5155617021912304,Bootstrap03
none,92,134,3.0005985038495395,0.9001690100579225,1.9404728284766033,Bootstrap04
none,92,134,1.9857466236914707,0.9195193371995745,1.7001577544952513,Bootstrap05
none,92,134,2.542931391476936,0.9949629568377366,1.9360734371254142,Bootstrap06
none,92,134,3.285005678394435,0.7737164686057971,2.762070384338776,Bootstrap07
none,92,134,5.0110315463612585,0.6608075058062255,3.8134663919975416,Bootstrap08
none,92,134,3.85443919854827,0.7803439606871043,2.8025706229093914,Bootstrap09
none,92,134,2.6144035641777124,0.8916634628802538,2.305081824484586,Bootstrap10
none,93,135,3.3346371776125974,0.8373477794994194,2.8466666061895594,Bootstrap01
none,93,135,4.961392514870704,0.7318321633002552,4.120425698132503,Bootstrap02
none,93,135,4.870383254447172,0.9335650435913697,3.8530995149066314,Bootstrap03
none,93,135,2.245674562894553,0.8994277622296794,1.6843220337915397,Bootstrap04
none,93,135,2.6489316483221637,0.8691090847009676,1.9502550518066184,Bootstrap05
none,93,135,1.887597482641348,0.9331235940409353,1.3788013822413019,Bootstrap06
none,93,135,3.596444991405118,0.8712234486933218,2.5525711534908444,Bootstrap07
none,93,135,4.472797870590421,0.8532789438789012,3.4817023303029746,Bootstrap08
none,93,135,1.1214414832614354,0.9700966376140914,1.00789881664666,Bootstrap09
none,93,135,3.9035243134302817,0.7784531012294554,3.1507632930973415,Bootstrap10
none,94,136,2.466206176303016,0.6317508315274827,1.9796175646770635,Bootstrap01
none,94,136,3.9905154153030935,0.9014004242240815,3.3115725074307596,Bootstrap02
none,94,136,2.402145714556676,0.8647349712662402,1.8912477891988437,Bootstrap03
none,94,136,2.808738278137751,0.9229372988519616,2.4997999180844936,Bootstrap04
none,94,136,3.081079810987171,0.9449172030187744,2.2707012687312083,Bootstrap05
none,94,136,2.6565361318358787,0.8605439056729595,2.158614680901058,Bootstrap06
none,94,136,3.1580963951071386,0.7541156151229783,2.8790542974115554,Bootstrap07
none,94,136,2.6961612079626454,0.8167137435759411,1.9208451582994697,Bootstrap08
none,94,136,3.4250161862445196,0.85146135085357,2.6549975761162794,Bootstrap09
none,94,136,4.535517891852267,0.9098053461315432,3.9832819367951187,Bootstrap10
none,95,137,3.672849943728727,0.6663054236631247,2.872242920614033,Bootstrap01
none,95,137,3.805305606795954,0.8249061051498224,2.7707206846898123,Bootstrap02
none,95,137,3.15016076240396,0.791220483693098,2.3577222194926573,Bootstrap03
none,95,137,2.4160029337631235,0.8815798043800837,2.1691206239364917,Bootstrap04
none,95,137,2.428452752617516,0.8096415392885448,1.872167627969034,Bootstrap05
none,95,137,3.7487554372195744,0.9771485068773844,2.893661216678575,Bootstrap06
none,95,137,3.564777265944612,0.6658057947862325,2.670347380554388,Bootstrap07
none,95,137,2.3802020840790137,0.9151101042242668,2.0949727493708528,Bootstrap08
none,95,137,2.27313916126807,0.8691064322068914,1.9024422945317276,Bootstrap09
none,95,137,2.428081120445636,0.8586822011089593,2.020254038646952,Bootstrap10
none,96,138,3.788522642560553,0.7793877799430345,2.758337430303403,Bootstrap01
none,96,138,2.3137813614175706,0.8822717314641303,1.863610974946401,Bootstrap02
none,96,138,2.5206905362960947,0.8717991576692758,1.9731906100746508,Bootstrap03
none,96,138,2.3194410776186003,0.9178434531110793,2.047845190984517,Bootstrap04
none,96,138,2.7525374222711347,0.833973685238851,2.053597595806576,Bootstrap05
none,96,138,2.5489150300871524,0.8948326863419745,1.5955465882430826,Bootstrap06
none,96,138,3.8099126133798524,0.7703853038537369,3.0843819418355296,Bootstrap07
none,96,138,2.6748038320130165,0.9144784002816476,2.071357535362158,Bootstrap08
none,96,138,3.5557406110605028,0.7921830395024057,2.8126345193435176,Bootstrap09
none,96,138,3.17638288225292,0.8280156612718179,1.8328978833298453,Bootstrap10
none,97,139,2.6541978117743708,0.854974094222246,2.040103083455706,Bootstrap01
none,97,139,2.3567822361343667,0.9018380016763131,1.9686024417017407,Bootstrap02
none,97,139,3.4724455282397124,0.9099085130212301,2.832193401448933,Bootstrap03
none,97,139,2.545640442740178,0.3568587094885703,1.7810404333752679,Bootstrap04
none,97,139,4.308443436632206,0.7789943604370957,3.4832804182149686,Bootstrap05
none,97,139,3.1756168544791734,0.7685112728409769,2.682507405596774,Bootstrap06
none,97,139,4.164179012794393,0.980757635717838,3.238324034382219,Bootstrap07
none,97,139,2.474259341546313,0.8981939607582411,1.8949655935227692,Bootstrap08
none,97,139,2.1797350630746477,0.9075108214860018,1.5795214881033435,Bootstrap09
none,97,139,4.951908435229152,0.9031370336441531,4.126233882424127,Bootstrap10
none,98,140,2.6359212749959275,0.7918683246472994,2.1596925290013056,Bootstrap01
none,98,140,2.0552261904122298,0.8979995713794348,1.694770136064506,Bootstrap02
none,98,140,2.3816502364401515,0.7719423558463194,2.2726554390869054,Bootstrap03
none,98,140,2.666416422996317,0.9096104743892983,2.2537013617468187,Bootstrap04
none,98,140,2.043959169786112,0.8296607028832709,1.7363159951412463,Bootstrap05
none,98,140,3.6845300422811733,0.7786653629713169,2.756943484360855,Bootstrap06
none,98,140,1.4620113538220045,0.9475827607986829,1.3175716030716071,Bootstrap07
none,98,140,2.9396000935088775,0.8769711372981045,2.462723017366641,Bootstrap08
none,98,140,3.0290379282879982,0.9460417994278163,2.087243491821122,Bootstrap09
none,98,140,3.9154100173995205,0.7802972324403744,3.0333111781888022,Bootstrap10
none,99,141,3.6500518944475355,0.9216293750675839,2.6241749214470653,Bootstrap01
none,99,141,2.055495911532718,0.9291677399753601,1.665632042161439,Bootstrap02
none,99,141,2.6928039531568144,0.8553010790290422,1.8442946399401072,Bootstrap03
none,99,141,2.610640686773864,0.8732743472397487,2.279087966470668,Bootstrap04
none,99,141,2.721350644122486,0.898614902987382,2.1458836567455735,Bootstrap05
none,99,141,2.788333979832537,0.8430385810894225,2.0986802461228073,Bootstrap06
none,99,141,2.915327254330486,0.87703870655844,2.495520222798011,Bootstrap07
none,99,141,2.434536791292952,0.0035107474620566874,2.406344455234733,Bootstrap08
none,99,141,2.296173051184373,0.8825116924250366,1.7930649058161614,Bootstrap09
none,99,141,3.2787467978544806,0.8676401244864863,2.732801806092303,Bootstrap10
none,100,142,1.4485428450114695,0.896109450729119,1.2175683462827585,Bootstrap01
none,100,142,2.455763653761426,0.8877696137150175,1.8819282970848372,Bootstrap02
none,100,142,2.509949101820804,0.8646917347934865,2.0266444346905508,Bootstrap03
none,100,142,3.556628220110576,0.8128910109105215,2.984166728684125,Bootstrap04
none,100,142,2.2197229335387436,0.7254099321792108,1.7853621559909734,Bootstrap05
none,100,142,3.7923112213127084,0.7719500124972793,2.9654189043766754,Bootstrap06
none,100,142,2.5517429735974138,0.8739709026865466,2.0628266051568525,Bootstrap07
none,100,142,3.879298607167866,0.953319889332566,3.046452112492414,Bootstrap08
none,100,142,2.22267785326018,0.8378876206532805,1.9786617927163763,Bootstrap09
none,100,142,3.73862591345842,0.8350360131872289,3.146022433844996,Bootstrap10
